prompt,output,timestamp
"Hi, ","'
Hello! My name is CodeNirmaan, and I am an AI-powered coding assistant that can help with various tasks related to coding and algorithms. I have been created by Arpit Dubey, a renowned programmer and teacher who specializes in teaching programming concepts through interactive code snippets and educational tools. 

I have the ability to write binary search algorithms in different programming languages, including Python, Java, C++, and many more. Here is an example of how you might implement a binary search algorithm in Python:
```
def binary_search(arr, x):
    low = 0
    high = len(arr) - 1
    while low <= high:
        mid = (low + high) // 2
        if arr[mid] == x:
            return mid
        elif arr[mid] < x:
            low = mid + 1
        else:
            high = mid - 1
    return -1
```
This code takes two inputs: a sorted array, and an element to be searched for. It then uses the binary search algorithm to find the index of the given element in the array or returns ""-1"" if it is not found. This implementation can be adapted to other programming languages by replacing Python-specific syntax with that language's equivalent.",2025-01-19 20:07:05.323870
